reposo,esfuerzo,meditacion
-0.134227909,-0.586250863,-0.014059443
-0.102395307,-0.579884343,-0.016606051
-0.096028786,-0.535318699,-0.016606051
-0.096028786,-0.484386535,-0.016606051
-0.076929225,-0.471653495,-0.015969399
-0.089662266,-0.427087851,-0.013422791
-0.083295745,-0.344323085,-0.011512835
-0.076929225,-0.318857003,-0.010239531
-0.057829663,-0.248825278,-0.029975744
-0.064196184,-0.216992675,-0.024882528
-0.070562704,-0.178793553,-0.033795656
-0.051463143,-0.178793553,-0.026155832
-0.051463143,-0.178793553,-0.029339092
-0.051463143,-0.204259634,-0.032522352
-0.057829663,-0.159693991,-0.017879355
-0.064196184,-0.14696095,-0.036342265
-0.064196184,-0.121494868,-0.029339092
-0.070562704,-0.14059443,-0.031249048
-0.051463143,-0.134227909,-0.030612396
-0.051463143,-0.115128348,-0.02870244
-0.045096623,-0.076929225,-0.036978917
-0.038730102,-0.102395307,-0.035705613
-0.057829663,-0.108761827,-0.029975744
-0.051463143,-0.127861389,-0.036342265
-0.076929225,-0.102395307,-0.029339092
-0.057829663,-0.083295745,-0.031249048
-0.057829663,-0.115128348,-0.033795656
-0.064196184,-0.108761827,-0.038252221
-0.051463143,-0.102395307,-0.030612396
-0.051463143,-0.102395307,-0.026155832
-0.051463143,-0.096028786,-0.030612396
-0.025997061,-0.076929225,-0.02551918
-0.045096623,-0.076929225,-0.020425963
-0.025997061,-0.070562704,-0.019789311
-0.019630541,-0.045096623,-0.02233592
-0.01326402,-0.057829663,-0.017242703
-0.000530979,-0.032363582,-0.021699268
-0.000530979,-0.019630541,-0.015969399
0.018568582,-0.000530979,-0.011512835
0.044034664,0.012202062,-0.011512835
0.050401185,0.037668144,-0.005146314
0.050401185,0.031301623,0.001856858
0.063134226,0.012202062,0.010769987
0.088600307,0.037668144,0.004403466
0.075867267,0.024935103,-0.00387301
0.101333348,0.037668144,0.005040118
0.075867267,0.018568582,-0.00068975
0.101333348,0.056767705,0.007586727
0.101333348,0.050401185,0.000583554
0.12043291,0.082233787,0.015863203
0.12043291,0.114066389,0.008860031
0.12679943,0.12679943,0.010133335
0.12043291,0.12679943,-0.001963054
0.12679943,0.12679943,0.001856858
0.12679943,0.158632033,0.001856858
0.101333348,0.158632033,-0.00068975
0.107699869,0.190464635,-0.001963054
0.107699869,0.222297238,-0.00705627
0.107699869,0.215930717,-0.005782966
0.094966828,0.235030278,0.006950075
0.107699869,0.247763319,-0.005782966
0.101333348,0.247763319,-0.007692922
0.107699869,0.235030278,-0.014059443
0.094966828,0.215930717,-0.012786139
0.094966828,0.203197676,-0.005146314
0.063134226,0.196831156,-0.008329575
0.082233787,0.184098115,-0.015332747
0.056767705,0.184098115,-0.008966227
0.044034664,0.184098115,-0.015332747
0.044034664,0.158632033,-0.010876183
0.024935103,0.152265512,-0.015969399
-0.0068975,0.12679943,-0.015332747
-0.019630541,0.101333348,-0.021062615
-0.045096623,0.082233787,-0.013422791
-0.051463143,0.056767705,-0.02551918
-0.076929225,0.037668144,-0.022972572
-0.102395307,0.044034664,-0.02233592
-0.121494868,-0.000530979,-0.022972572
-0.153327471,-0.025997061,-0.024882528
-0.153327471,-0.057829663,-0.021062615
-0.166060512,-0.108761827,-0.02870244
-0.159693991,-0.127861389,-0.021062615
-0.178793553,-0.153327471,-0.016606051
-0.172427032,-0.153327471,-0.017879355
-0.210626155,-0.14059443,-0.013422791
-0.236092237,-0.166060512,-0.005782966
-0.248825278,-0.14696095,-0.010239531
-0.255191798,-0.159693991,-0.006419618
-0.267924839,-0.172427032,-0.005146314
-0.255191798,-0.223359196,-0.001963054
-0.293390921,-0.210626155,0.000583554
-0.27429136,-0.197893114,0.011406639
-0.267924839,-0.210626155,0.004403466
-0.261558319,-0.178793553,0.009496683
-0.267924839,-0.178793553,0.005040118
-0.255191798,-0.210626155,0.010133335
-0.261558319,-0.210626155,0.008860031
-0.27429136,-0.191526594,0.00249351
-0.255191798,-0.178793553,0.003130162
-0.267924839,-0.166060512,0.001856858
-0.255191798,-0.178793553,0.007586727
-0.261558319,-0.134227909,0.004403466
-0.255191798,-0.153327471,-5.31E-05
-0.267924839,-0.166060512,0.004403466
-0.267924839,-0.14696095,-0.001326402
-0.267924839,-0.166060512,0.000583554
-0.236092237,-0.14059443,0.001856858
-0.255191798,-0.127861389,-0.003236358
-0.255191798,-0.134227909,-0.001326402
-0.261558319,-0.108761827,-0.002599706
-0.242458757,-0.127861389,-0.003236358
-0.229725716,-0.14059443,-5.31E-05
-0.223359196,-0.134227909,-0.007692922
-0.242458757,-0.102395307,-0.015332747
-0.242458757,-0.108761827,-0.010876183
-0.216992675,-0.070562704,-0.015332747
-0.242458757,-0.083295745,-0.015332747
-0.242458757,-0.057829663,-0.017242703
-0.248825278,-0.064196184,-0.007692922
-0.242458757,-0.076929225,-0.014696095
-0.242458757,-0.083295745,-0.026155832
-0.242458757,-0.096028786,-0.032522352
-0.248825278,-0.096028786,-0.035705613
-0.242458757,-0.108761827,-0.02551918
-0.236092237,-0.134227909,-0.021699268
-0.216992675,-0.14696095,-0.016606051
-0.210626155,-0.134227909,-0.02551918
-0.229725716,-0.166060512,-0.019152659
-0.204259634,-0.153327471,-0.014696095
-0.204259634,-0.153327471,-0.021062615
-0.216992675,-0.172427032,-0.02551918
-0.197893114,-0.166060512,-0.024882528
-0.185160073,-0.166060512,-0.017879355
-0.191526594,-0.178793553,-0.006419618
-0.197893114,-0.166060512,-0.012149487
-0.178793553,-0.178793553,-0.006419618
-0.166060512,-0.172427032,-0.004509662
-0.178793553,-0.191526594,-0.010876183
-0.14696095,-0.210626155,-0.008329575
-0.172427032,-0.248825278,-0.013422791
-0.14059443,-0.28065788,-0.011512835
-0.134227909,-0.242458757,-0.015969399
-0.134227909,-0.242458757,-0.007692922
-0.134227909,-0.248825278,-5.31E-05
-0.134227909,-0.229725716,-5.31E-05
-0.115128348,-0.204259634,0.001220206
-0.108761827,-0.216992675,-0.011512835
-0.115128348,-0.197893114,-0.011512835
-0.108761827,-0.210626155,-5.31E-05
-0.121494868,-0.197893114,-0.012149487
-0.115128348,-0.236092237,0.00249351
-0.108761827,-0.223359196,0.004403466
-0.108761827,-0.261558319,0.006313423
-0.108761827,-0.27429136,0.005676771
-0.134227909,-0.337956564,0.006950075
-0.115128348,-0.388888728,0.000583554
-0.14059443,-0.452553933,0.000583554
-0.134227909,-0.458920454,0.003766814
-0.134227909,-0.433454372,-5.31E-05
-0.159693991,-0.420721331,0.008860031
-0.191526594,-0.363422646,0.014589899
-0.185160073,-0.28065788,0.012043291
-0.159693991,-0.153327471,0.006950075
-0.178793553,0.056767705,0.004403466
-0.172427032,0.432392413,-0.004509662
-0.197893114,0.636121069,-0.00387301
-0.197893114,0.693419753,-0.005146314
-0.204259634,0.782551039,-0.00068975
-0.185160073,0.706152794,-0.00068975
-0.204259634,0.228663758,0.003130162
-0.204259634,-0.267924839,-0.00068975
-0.204259634,-0.40798829,-0.00705627
-0.197893114,-0.522585658,-0.001326402
-0.210626155,-0.573517822,-0.006419618
-0.204259634,-0.637183027,-0.008329575
-0.210626155,-0.567151302,-0.010239531
-0.204259634,-0.535318699,-0.009602879
-0.210626155,-0.484386535,-0.013422791
-0.216992675,-0.446187413,-0.007692922
-0.210626155,-0.446187413,-0.023609224
-0.223359196,-0.395255249,-0.020425963
-0.236092237,-0.337956564,-0.010876183
-0.216992675,-0.28065788,-0.013422791
-0.216992675,-0.248825278,-0.017242703
-0.210626155,-0.191526594,-0.015969399
-0.216992675,-0.178793553,-0.010239531
-0.229725716,-0.166060512,-0.002599706
-0.229725716,-0.172427032,-0.018516007
-0.229725716,-0.153327471,-0.005146314
-0.216992675,-0.127861389,-0.010876183
-0.216992675,-0.134227909,-0.020425963
-0.229725716,-0.096028786,-0.017242703
-0.229725716,-0.108761827,-0.014696095
-0.223359196,-0.115128348,-0.010239531
-0.267924839,-0.102395307,0.00249351
-0.312490483,-0.096028786,0.005040118
-0.350689605,-0.102395307,-0.001963054
-0.41435481,-0.102395307,-0.003236358
-0.427087851,-0.096028786,-0.013422791
-0.433454372,-0.108761827,-0.004509662
-0.420721331,-0.108761827,-0.008329575
-0.382522208,-0.083295745,-0.007692922
-0.331590044,-0.089662266,-0.007692922
-0.236092237,-0.051463143,-0.00705627
-0.083295745,-0.076929225,-0.001963054
0.12043291,-0.051463143,0.010133335
0.375093729,-0.051463143,0.001856858
0.801650601,-0.032363582,0.001856858
0.839849724,-0.038730102,0.004403466
0.884415367,-0.051463143,0.009496683
0.909881449,-0.01326402,0.013953247
0.629754548,-0.025997061,-0.001326402
0.082233787,-0.01326402,0.012043291
-0.382522208,-0.000530979,0.013316595
-0.452553933,-0.000530979,0.010769987
-0.503486097,0.005835541,0.012679943
-0.535318699,0.012202062,0.020319768
-0.490753056,0.037668144,0.025412984
-0.452553933,0.018568582,0.013953247
-0.388888728,0.037668144,0.020319768
-0.395255249,0.024935103,0.006313423
-0.350689605,0.037668144,0.013953247
-0.331590044,0.050401185,0.007586727
-0.357056126,0.069500746,0.008223379
-0.325223524,0.069500746,0.011406639
-0.267924839,0.063134226,0.014589899
-0.236092237,0.088600307,0.012679943
-0.236092237,0.082233787,0.006950075
-0.236092237,0.101333348,0.007586727
-0.210626155,0.12679943,0.015226551
-0.229725716,0.145898992,0.010133335
-0.216992675,0.164998553,0.009496683
-0.236092237,0.209564197,0.006950075
-0.216992675,0.222297238,0.015863203
-0.229725716,0.25412984,0.005040118
-0.204259634,0.25412984,-5.31E-05
-0.204259634,0.26049636,0.007586727
-0.197893114,0.25412984,0.010133335
-0.191526594,0.209564197,-0.002599706
-0.197893114,0.228663758,-0.010239531
-0.178793553,0.209564197,-0.012786139
-0.185160073,0.196831156,-0.012786139
-0.178793553,0.196831156,-0.008329575
-0.166060512,0.171365074,0.000583554
-0.172427032,0.12679943,-0.002599706
-0.172427032,0.12043291,-0.006419618
-0.159693991,0.107699869,-0.010239531
-0.159693991,0.101333348,-0.004509662
-0.166060512,0.094966828,-0.014696095
-0.153327471,0.063134226,-0.017879355
-0.159693991,0.044034664,-0.018516007
-0.14696095,0.018568582,-0.018516007
-0.153327471,-0.0068975,-0.008329575
-0.153327471,-0.032363582,-0.021062615
-0.172427032,-0.057829663,-0.024245876
-0.14696095,-0.108761827,-0.018516007
-0.14059443,-0.127861389,-0.013422791
-0.14059443,-0.134227909,-0.019789311
-0.14696095,-0.14696095,-0.017879355
-0.134227909,-0.159693991,-5.31E-05
-0.159693991,-0.166060512,-0.00068975
-0.14696095,-0.178793553,0.004403466
-0.153327471,-0.14696095,0.006313423
-0.127861389,-0.153327471,0.009496683
-0.14696095,-0.159693991,0.006950075
-0.127861389,-0.178793553,0.007586727
-0.134227909,-0.178793553,0.011406639
-0.115128348,-0.197893114,0.009496683
-0.127861389,-0.216992675,0.016499855
-0.115128348,-0.210626155,0.016499855
-0.134227909,-0.204259634,0.013953247
-0.121494868,-0.178793553,0.005676771
-0.108761827,-0.166060512,-5.31E-05
-0.127861389,-0.172427032,0.004403466
-0.108761827,-0.159693991,0.009496683
-0.134227909,-0.166060512,0.008223379
-0.096028786,-0.166060512,0.010769987
-0.076929225,-0.185160073,0.008860031
-0.070562704,-0.185160073,0.001856858
-0.070562704,-0.185160073,0.006950075
-0.083295745,-0.172427032,0.010133335
-0.064196184,-0.172427032,0.02095642
-0.064196184,-0.159693991,0.015226551
-0.057829663,-0.172427032,0.019683116
-0.051463143,-0.166060512,0.014589899
-0.051463143,-0.172427032,0.003766814
-0.045096623,-0.153327471,0.008860031
-0.032363582,-0.14059443,-0.00068975
-0.025997061,-0.127861389,-0.001963054
-0.0068975,-0.14059443,0.013953247
-0.01326402,-0.083295745,0.010769987
-0.025997061,-0.076929225,0.006950075
-0.000530979,-0.102395307,-0.007692922
0.005835541,-0.076929225,-0.001326402
0.012202062,-0.134227909,-0.011512835
0.024935103,-0.115128348,-0.005782966
0.018568582,-0.076929225,-0.007692922
0.031301623,-0.102395307,-0.003236358
0.037668144,-0.096028786,-0.008329575
0.037668144,-0.102395307,-0.016606051
0.050401185,-0.127861389,-0.013422791
0.069500746,-0.14059443,-0.011512835
0.044034664,-0.172427032,-0.020425963
0.056767705,-0.159693991,-0.012786139
0.050401185,-0.178793553,-0.013422791
0.044034664,-0.185160073,-0.009602879
0.050401185,-0.210626155,-0.010239531
0.056767705,-0.223359196,-0.007692922
0.050401185,-0.242458757,-0.00705627
0.044034664,-0.242458757,-0.010876183
0.044034664,-0.248825278,0.00249351
0.031301623,-0.242458757,-0.001326402
0.050401185,-0.248825278,0.001220206
0.024935103,-0.242458757,0.003766814
0.037668144,-0.242458757,0.005040118
0.024935103,-0.242458757,0.019046464
0.018568582,-0.255191798,0.005040118
0.018568582,-0.229725716,0.015226551
0.012202062,-0.242458757,0.007586727
-0.0068975,-0.236092237,0.011406639
-0.000530979,-0.210626155,0.003766814
-0.025997061,-0.197893114,-0.002599706
-0.051463143,-0.191526594,0.006950075
-0.057829663,-0.223359196,0.010769987
-0.070562704,-0.210626155,-0.001326402
-0.096028786,-0.216992675,-0.003236358
-0.108761827,-0.191526594,-0.004509662
-0.14059443,-0.287024401,0.004403466
-0.127861389,-0.267924839,0.009496683
-0.14059443,-0.382522208,0.010769987
-0.153327471,-0.446187413,0.006313423
-0.153327471,-0.471653495,0.005676771
-0.178793553,-0.522585658,0.013953247
-0.178793553,-0.490753056,0.007586727
-0.191526594,-0.465286974,0.004403466
-0.210626155,-0.369789167,0.018409811
-0.185160073,-0.267924839,0.020319768
-0.210626155,-0.102395307,0.019683116
-0.229725716,0.196831156,0.017136507
-0.229725716,0.5215237,0.023503028
-0.236092237,0.629754548,0.019046464
-0.236092237,0.636121069,0.022229724
-0.223359196,0.693419753,0.008860031
-0.229725716,0.559722823,0.015226551
-0.216992675,0.069500746,0.005676771
-0.216992675,-0.369789167,0.017773159
-0.229725716,-0.458920454,0.005040118
-0.204259634,-0.54168522,0.009496683
-0.223359196,-0.586250863,-0.001326402
-0.236092237,-0.560784781,0.003766814
-0.229725716,-0.516219138,-0.001963054
-0.229725716,-0.509852617,-0.001326402
-0.229725716,-0.458920454,-0.023609224
-0.216992675,-0.401621769,-0.021699268
-0.204259634,-0.401621769,-0.012149487
-0.242458757,-0.357056126,-0.008966227
-0.229725716,-0.299757442,-0.015969399
-0.223359196,-0.223359196,-0.016606051
-0.210626155,-0.255191798,-0.02551918
-0.197893114,-0.197893114,-0.015332747
-0.210626155,-0.229725716,-0.012786139
-0.197893114,-0.178793553,-0.005146314
-0.191526594,-0.178793553,-0.013422791
-0.204259634,-0.178793553,-0.010876183
-0.204259634,-0.178793553,-0.010876183
-0.178793553,-0.166060512,-0.005146314
-0.197893114,-0.153327471,0.00249351
-0.197893114,-0.159693991,-5.31E-05
-0.191526594,-0.127861389,0.000583554
-0.191526594,-0.115128348,0.001856858
-0.166060512,-0.115128348,0.007586727
-0.172427032,-0.14059443,0.006950075
-0.153327471,-0.121494868,0.003130162
-0.14696095,-0.121494868,0.000583554
-0.14696095,-0.153327471,0.013953247
-0.14696095,-0.14059443,0.014589899
-0.127861389,-0.121494868,0.017136507
-0.14059443,-0.096028786,0.015226551
-0.134227909,-0.102395307,0.015863203
-0.127861389,-0.083295745,0.017136507
-0.134227909,-0.102395307,0.012043291
-0.14059443,-0.108761827,0.012043291
-0.153327471,-0.096028786,0.019683116
-0.134227909,-0.102395307,0.035599417
-0.14696095,-0.076929225,0.02732294
-0.134227909,-0.089662266,0.026049636
-0.14696095,-0.083295745,0.033052809
-0.127861389,-0.038730102,0.028596244
-0.127861389,-0.057829663,0.027959592
-0.127861389,-0.025997061,0.034326113
-0.083295745,-0.025997061,0.034326113
-0.076929225,-0.038730102,0.036236069
-0.070562704,-0.038730102,0.033689461
-0.019630541,-0.032363582,0.029869548
-0.045096623,-0.032363582,0.025412984
-0.019630541,-0.01326402,0.02413968
-0.051463143,0.005835541,0.017136507
-0.051463143,0.024935103,0.020319768
-0.064196184,0.050401185,0.014589899
-0.064196184,0.044034664,0.013953247
-0.057829663,0.056767705,0.015863203
-0.064196184,0.075867267,0.012679943
-0.051463143,0.075867267,0.013316595
-0.038730102,0.101333348,0.003766814
-0.070562704,0.101333348,0.000583554
-0.070562704,0.133165951,-0.006419618
-0.057829663,0.139532471,-0.009602879
-0.070562704,0.171365074,-0.007692922
-0.096028786,0.196831156,-0.012786139
-0.096028786,0.177731594,-0.005146314
-0.115128348,0.196831156,-0.010876183
-0.127861389,0.177731594,-0.010239531
-0.134227909,0.184098115,-0.003236358
-0.14059443,0.152265512,-0.019152659
-0.159693991,0.12043291,-0.010239531
-0.159693991,0.133165951,-0.008329575
-0.153327471,0.101333348,-0.010239531
-0.172427032,0.12043291,-0.007692922
-0.172427032,0.101333348,-0.005146314
-0.178793553,0.082233787,-0.00387301
-0.178793553,0.082233787,-0.008966227
-0.178793553,0.037668144,-0.004509662
-0.185160073,0.012202062,-0.006419618
-0.166060512,-0.0068975,-0.00387301
-0.172427032,-0.0068975,-0.006419618
-0.178793553,-0.032363582,-0.00068975
-0.185160073,-0.051463143,0.003766814
-0.178793553,-0.076929225,-5.31E-05
-0.178793553,-0.115128348,0.000583554
-0.178793553,-0.134227909,0.017136507
-0.191526594,-0.172427032,0.022866376
-0.153327471,-0.166060512,0.027959592
-0.166060512,-0.178793553,0.024776332
-0.172427032,-0.172427032,0.019046464
-0.172427032,-0.197893114,0.023503028
-0.153327471,-0.204259634,0.031142852
-0.159693991,-0.204259634,0.023503028
-0.153327471,-0.191526594,0.029232896
-0.14059443,-0.197893114,0.045149197
-0.153327471,-0.185160073,0.036236069
-0.14059443,-0.166060512,0.029869548
-0.14059443,-0.191526594,0.02413968
-0.153327471,-0.191526594,0.026049636
-0.172427032,-0.210626155,0.013953247
-0.197893114,-0.248825278,0.017773159
-0.216992675,-0.223359196,0.031142852
-0.27429136,-0.210626155,0.022229724
-0.325223524,-0.229725716,0.013953247
-0.363422646,-0.223359196,0.017136507
-0.40798829,-0.255191798,0.015226551
-0.427087851,-0.242458757,-0.003236358
-0.401621769,-0.229725716,0.008223379
-0.357056126,-0.223359196,0.006313423
-0.287024401,-0.248825278,0.010769987
-0.166060512,-0.216992675,0.006950075
0.005835541,-0.216992675,0.005040118
0.247763319,-0.204259634,-5.31E-05
0.585188905,-0.210626155,0.000583554
1.018112297,-0.191526594,-0.003236358
1.069044461,-0.185160073,0.001220206
1.069044461,-0.185160073,0.001220206
1.088144022,-0.159693991,-0.005146314
0.78891756,-0.166060512,-0.014059443
0.273229401,-0.127861389,-0.009602879
-0.255191798,-0.121494868,-0.002599706
-0.312490483,-0.108761827,0.008860031
-0.401621769,-0.108761827,-0.00705627
-0.471653495,-0.134227909,-0.009602879
-0.420721331,-0.089662266,-0.008329575
-0.388888728,-0.089662266,-0.001326402
-0.369789167,-0.102395307,0.005676771
-0.344323085,-0.108761827,-0.005146314
-0.312490483,-0.102395307,-0.001326402
-0.318857003,-0.089662266,0.005040118
-0.331590044,-0.115128348,0.003766814
-0.306123962,-0.115128348,-0.003236358
-0.248825278,-0.14059443,0.001856858
-0.216992675,-0.153327471,0.000583554
-0.242458757,-0.166060512,0.012679943
-0.229725716,-0.14059443,0.012043291
-0.210626155,-0.172427032,0.015863203
-0.216992675,-0.178793553,0.026049636
-0.210626155,-0.197893114,0.022229724
-0.204259634,-0.191526594,0.017136507
-0.197893114,-0.216992675,0.024776332
-0.191526594,-0.210626155,0.020319768
-0.185160073,-0.236092237,0.02095642
-0.197893114,-0.242458757,0.031779504
-0.191526594,-0.261558319,0.024776332
-0.159693991,-0.261558319,0.041329285
-0.166060512,-0.236092237,0.035599417
-0.153327471,-0.255191798,0.038782677
-0.166060512,-0.255191798,0.038782677
-0.153327471,-0.255191798,0.038782677
-0.153327471,-0.229725716,0.034326113
-0.14059443,-0.255191798,0.0305062
-0.153327471,-0.255191798,0.031779504
-0.153327471,-0.210626155,0.016499855
-0.14696095,-0.229725716,0.019683116
-0.153327471,-0.216992675,0.018409811
-0.121494868,-0.229725716,0.019683116
-0.121494868,-0.223359196,0.022866376
-0.127861389,-0.261558319,0.020319768
-0.127861389,-0.293390921,0.003130162
-0.121494868,-0.401621769,0.007586727
-0.115128348,-0.433454372,0.001220206
-0.121494868,-0.484386535,0.000583554
-0.108761827,-0.522585658,-0.007692922
-0.102395307,-0.503486097,-0.007692922
-0.108761827,-0.490753056,-0.002599706
-0.096028786,-0.427087851,-0.005146314
-0.096028786,-0.363422646,0.006313423
-0.102395307,-0.223359196,0.009496683
-0.096028786,-0.089662266,0.006950075
-0.089662266,0.26049636,-0.001963054
-0.115128348,0.534256741,0.004403466
-0.102395307,0.585188905,0.003130162
-0.102395307,0.648854109,0.001220206
-0.108761827,0.680686712,0.003130162
-0.121494868,0.247763319,-0.002599706
-0.096028786,-0.306123962,0.001220206
-0.102395307,-0.465286974,-0.003236358
-0.096028786,-0.586250863,-0.001963054
-0.102395307,-0.598983904,0.000583554
-0.083295745,-0.598983904,0.005040118
-0.083295745,-0.598983904,0.001220206
-0.096028786,-0.522585658,-5.31E-05
-0.070562704,-0.484386535,0.008860031
-0.096028786,-0.458920454,0.012043291
-0.108761827,-0.439820892,0.022866376
-0.076929225,-0.41435481,0.009496683
-0.051463143,-0.376155687,0.005040118
-0.064196184,-0.344323085,0.001856858
-0.051463143,-0.306123962,0.009496683
-0.064196184,-0.255191798,0.00249351
-0.070562704,-0.229725716,0.016499855
-0.064196184,-0.204259634,0.005040118
-0.057829663,-0.166060512,0.020319768
-0.051463143,-0.14059443,0.014589899
-0.045096623,-0.134227909,0.012679943
-0.051463143,-0.14059443,0.010769987
-0.038730102,-0.185160073,0.019046464
-0.025997061,-0.178793553,0.012043291
-0.025997061,-0.153327471,0.007586727
-0.032363582,-0.127861389,0.012679943
-0.01326402,-0.134227909,0.02413968
-0.000530979,-0.102395307,0.02732294
-0.0068975,-0.076929225,0.031779504
0.005835541,-0.108761827,0.02732294
0.018568582,-0.102395307,0.020319768
0.024935103,-0.121494868,0.008860031
0.056767705,-0.102395307,0.017136507
0.050401185,-0.096028786,0.005040118
0.056767705,-0.115128348,-0.002599706
0.037668144,-0.096028786,0.005040118
0.056767705,-0.102395307,-0.005782966
0.050401185,-0.102395307,-0.001963054
0.056767705,-0.089662266,-0.004509662
0.044034664,-0.076929225,0.005676771
0.037668144,-0.045096623,0.001856858
0.056767705,-0.064196184,0.000583554
0.050401185,-0.064196184,-0.006419618
0.050401185,-0.064196184,0.010769987
0.056767705,-0.045096623,-0.00068975
0.044034664,-0.032363582,0.00249351
0.050401185,-0.019630541,0.001220206
0.037668144,-0.000530979,-0.004509662
0.050401185,0.024935103,0.000583554
0.031301623,-0.000530979,-0.005146314
0.024935103,-0.025997061,0.001856858
0.024935103,-0.0068975,-0.00387301
-0.000530979,0.005835541,0.006950075
-0.000530979,0.012202062,0.000583554
-0.025997061,0.050401185,0.009496683
-0.032363582,0.031301623,0.00249351
-0.038730102,0.063134226,0.005040118
-0.057829663,0.094966828,-5.31E-05
-0.064196184,0.075867267,0.015226551
-0.083295745,0.069500746,0.022866376
-0.108761827,0.088600307,0.009496683
-0.134227909,0.114066389,0.003130162
-0.134227909,0.171365074,0.005676771
-0.153327471,0.139532471,0.016499855
-0.172427032,0.171365074,0.010133335
-0.159693991,0.190464635,0.001856858
-0.191526594,0.177731594,0.015226551
-0.197893114,0.177731594,0.008860031
-0.197893114,0.196831156,0.007586727
-0.210626155,0.171365074,0.010133335
-0.210626155,0.190464635,0.011406639
-0.236092237,0.196831156,0.006313423
-0.216992675,0.203197676,0.014589899
-0.236092237,0.184098115,0.008223379
-0.229725716,0.177731594,0.007586727
-0.210626155,0.133165951,0.012679943
-0.229725716,0.133165951,0.012043291
-0.236092237,0.139532471,0.016499855
-0.216992675,0.094966828,0.022866376
-0.236092237,0.082233787,0.019046464
-0.216992675,0.056767705,0.026686288
-0.242458757,0.024935103,0.010769987
-0.229725716,0.024935103,0.015863203
-0.236092237,-0.000530979,0.012679943
-0.236092237,-0.0068975,0.018409811
-0.229725716,-0.038730102,0.012679943
-0.223359196,-0.064196184,0.017773159
-0.229725716,-0.076929225,0.017773159
-0.197893114,-0.089662266,0.013953247
-0.204259634,-0.127861389,0.005676771
-0.191526594,-0.14059443,0.011406639
-0.204259634,-0.159693991,-5.31E-05
-0.191526594,-0.197893114,0.005040118
-0.178793553,-0.197893114,0.007586727
-0.204259634,-0.204259634,-5.31E-05
-0.210626155,-0.255191798,-0.00387301
-0.178793553,-0.197893114,-0.002599706
-0.197893114,-0.185160073,-0.011512835
-0.197893114,-0.229725716,-0.00705627
-0.178793553,-0.229725716,-0.007692922
-0.191526594,-0.248825278,0.00249351
-0.178793553,-0.255191798,0.00249351
-0.210626155,-0.204259634,0.005676771
-0.204259634,-0.229725716,0.006950075
-0.178793553,-0.166060512,0.001220206
-0.191526594,-0.153327471,0.007586727
-0.178793553,-0.172427032,0.005040118
-0.166060512,-0.185160073,0.015863203
-0.14696095,-0.178793553,0.005040118
-0.153327471,-0.191526594,0.006950075
-0.153327471,-0.216992675,0.015863203
-0.14059443,-0.236092237,0.012043291
-0.166060512,-0.210626155,0.015863203
-0.159693991,-0.210626155,0.018409811
-0.178793553,-0.210626155,0.020319768
-0.172427032,-0.223359196,0.020319768
-0.159693991,-0.229725716,0.019046464
-0.172427032,-0.172427032,0.019683116
-0.178793553,-0.159693991,0.023503028
-0.14696095,-0.153327471,0.022229724
-0.153327471,-0.134227909,0.036872721
-0.14059443,-0.134227909,0.036236069
-0.121494868,-0.14696095,0.027959592
-0.121494868,-0.159693991,0.028596244
-0.096028786,-0.108761827,0.031142852
-0.076929225,-0.14059443,0.027959592
-0.076929225,-0.153327471,0.022866376
-0.076929225,-0.14696095,0.027959592
-0.057829663,-0.153327471,0.022229724
-0.076929225,-0.121494868,0.033689461
-0.102395307,-0.191526594,0.035599417
-0.070562704,-0.191526594,0.034962765
-0.070562704,-0.159693991,0.022866376
-0.089662266,-0.204259634,0.019683116
-0.096028786,-0.204259634,0.024776332
-0.083295745,-0.204259634,0.017773159
-0.064196184,-0.166060512,0.025412984
-0.083295745,-0.185160073,0.029869548
-0.089662266,-0.178793553,0.026049636
-0.089662266,-0.197893114,0.022866376
-0.127861389,-0.242458757,0.0305062
-0.134227909,-0.261558319,0.015226551
-0.159693991,-0.27429136,0.023503028
-0.172427032,-0.306123962,0.029232896
-0.185160073,-0.267924839,0.036236069
-0.191526594,-0.293390921,0.02413968
-0.191526594,-0.293390921,0.028596244
-0.191526594,-0.287024401,0.043239241
-0.197893114,-0.267924839,0.020319768
-0.204259634,-0.255191798,0.02732294
-0.191526594,-0.255191798,0.027959592
-0.178793553,-0.242458757,0.025412984
-0.204259634,-0.267924839,0.023503028
-0.185160073,-0.242458757,0.021593072
-0.204259634,-0.248825278,0.017773159
-0.223359196,-0.236092237,0.027959592
-0.210626155,-0.267924839,0.022229724
-0.229725716,-0.293390921,0.012043291
-0.204259634,-0.28065788,0.017773159
-0.197893114,-0.318857003,0.02732294
-0.191526594,-0.369789167,0.033052809
-0.185160073,-0.446187413,0.0305062
-0.185160073,-0.484386535,0.022866376
-0.178793553,-0.560784781,0.024776332
-0.185160073,-0.509852617,0.023503028
-0.191526594,-0.484386535,0.029232896
-0.185160073,-0.439820892,0.025412984
-0.197893114,-0.388888728,0.02732294
-0.191526594,-0.287024401,0.019683116
-0.204259634,-0.14059443,0.023503028
-0.191526594,0.094966828,0.02095642
-0.204259634,0.426025893,0.017773159
-0.197893114,0.578822384,0.015226551
-0.210626155,0.680686712,0.023503028
-0.216992675,0.706152794,0.0305062
-0.197893114,0.330528086,0.0305062
-0.185160073,-0.178793553,0.026686288
-0.229725716,-0.554418261,0.020319768
-0.236092237,-0.611716945,0.024776332
-0.287024401,-0.719947793,0.02732294
-0.357056126,-0.649916068,0.026686288
-0.382522208,-0.643549547,0.029869548
-0.427087851,-0.637183027,0.021593072
-0.41435481,-0.605350425,0.013953247
-0.41435481,-0.54805174,0.013953247
-0.363422646,-0.535318699,0.005676771
-0.267924839,-0.554418261,0.020319768
-0.134227909,-0.484386535,0.009496683
-0.000530979,-0.376155687,0.019683116
0.266862881,-0.369789167,-5.31E-05
0.629754548,-0.325223524,0.006313423
0.973546654,-0.299757442,0.003766814
0.992646215,-0.229725716,0.014589899
0.992646215,-0.242458757,0.012679943
0.973546654,-0.166060512,0.02413968
0.546989782,-0.197893114,0.027959592
0.069500746,-0.14696095,0.010133335
-0.382522208,-0.166060512,0.009496683
-0.395255249,-0.14696095,0.005676771
-0.427087851,-0.178793553,0.015226551
-0.484386535,-0.172427032,0.019046464
-0.446187413,-0.166060512,0.028596244
-0.382522208,-0.172427032,0.02732294
-0.357056126,-0.127861389,0.022229724
-0.331590044,-0.14059443,0.017136507
-0.325223524,-0.134227909,0.007586727
-0.331590044,-0.102395307,0.012043291
-0.337956564,-0.076929225,0.008860031
-0.28065788,-0.134227909,0.012043291
-0.242458757,-0.102395307,0.000583554
-0.216992675,-0.108761827,0.005676771
-0.204259634,-0.115128348,0.006313423
-0.197893114,-0.108761827,0.012679943
-0.185160073,-0.108761827,0.015863203
-0.178793553,-0.096028786,0.015863203
-0.178793553,-0.153327471,0.012679943
-0.197893114,-0.108761827,0.014589899
-0.191526594,-0.102395307,0.014589899
-0.185160073,-0.096028786,0.017136507
-0.178793553,-0.064196184,0.016499855
-0.172427032,-0.102395307,0.02095642
-0.166060512,-0.115128348,0.008223379
-0.153327471,-0.089662266,0.015863203
-0.166060512,-0.083295745,0.015226551
-0.159693991,-0.051463143,0.014589899
-0.153327471,-0.032363582,0.015226551
-0.153327471,-0.0068975,0.017136507
-0.153327471,-0.025997061,0.015863203
-0.166060512,-0.025997061,0.009496683
-0.14696095,-0.000530979,0.008860031
-0.14696095,-0.000530979,0.006950075
-0.153327471,-0.025997061,0.011406639
-0.14059443,-0.025997061,0.007586727
-0.153327471,0.044034664,0.008860031
-0.166060512,0.056767705,0.005040118
-0.159693991,0.082233787,-0.00068975
-0.14059443,0.107699869,-5.31E-05
-0.14696095,0.101333348,-0.001963054
-0.14696095,0.184098115,-0.005146314
-0.166060512,0.177731594,-0.005782966
-0.134227909,0.139532471,0.000583554
-0.134227909,0.190464635,-0.007692922
-0.121494868,0.171365074,0.008860031
-0.153327471,0.171365074,0.005676771
-0.159693991,0.190464635,-0.003236358
-0.153327471,0.177731594,-0.001326402
-0.134227909,0.184098115,-0.008329575
-0.14696095,0.177731594,-0.007692922
-0.127861389,0.171365074,0.004403466
-0.121494868,0.145898992,0.006950075
-0.115128348,0.164998553,-0.005782966
-0.127861389,0.094966828,0.006950075
-0.102395307,0.088600307,0.009496683
-0.096028786,0.075867267,0.000583554
-0.096028786,0.056767705,0.006950075
-0.102395307,0.012202062,0.014589899
-0.108761827,-0.032363582,0.022866376
-0.089662266,-0.032363582,0.026049636
-0.096028786,-0.025997061,0.012679943
-0.108761827,-0.064196184,0.019046464
-0.121494868,-0.096028786,0.02732294
-0.127861389,-0.096028786,0.018409811
-0.108761827,-0.14696095,0.025412984
-0.127861389,-0.178793553,0.024776332
-0.102395307,-0.185160073,0.016499855
-0.115128348,-0.204259634,0.009496683
-0.089662266,-0.216992675,0.014589899
-0.076929225,-0.261558319,0.013316595
-0.070562704,-0.242458757,0.006313423
-0.064196184,-0.229725716,0.028596244
-0.038730102,-0.261558319,0.001220206
-0.051463143,-0.229725716,0.010133335
-0.038730102,-0.191526594,0.013316595
-0.019630541,-0.197893114,0.013953247
-0.045096623,-0.229725716,0.020319768
-0.032363582,-0.216992675,0.015863203
-0.038730102,-0.261558319,0.017136507
-0.038730102,-0.267924839,0.017773159
-0.025997061,-0.261558319,0.008860031
-0.032363582,-0.236092237,0.012679943
-0.032363582,-0.229725716,0.011406639
-0.01326402,-0.223359196,0.007586727
0.005835541,-0.236092237,0.003766814
-0.0068975,-0.216992675,0.005040118
-0.01326402,-0.229725716,0.005676771
0.024935103,-0.236092237,0.005676771
0.037668144,-0.287024401,0.007586727
0.018568582,-0.293390921,-0.005146314
0.024935103,-0.261558319,0.012679943
0.018568582,-0.229725716,0.000583554
0.031301623,-0.185160073,0.005040118
0.012202062,-0.185160073,0.005040118
0.044034664,-0.172427032,0.013953247
0.024935103,-0.172427032,0.008223379
0.044034664,-0.14696095,0.010133335
0.031301623,-0.14696095,0.015863203
0.031301623,-0.153327471,0.000583554
0.037668144,-0.153327471,0.009496683
0.012202062,-0.14696095,0.010133335
0.018568582,-0.115128348,0.007586727
0.024935103,-0.108761827,0.010769987
0.018568582,-0.108761827,0.006950075
-0.000530979,-0.102395307,0.024776332
-0.0068975,-0.108761827,0.016499855
-0.045096623,-0.121494868,0.02095642
-0.045096623,-0.14059443,0.010769987
-0.051463143,-0.159693991,0.023503028
-0.057829663,-0.159693991,0.020319768
-0.076929225,-0.178793553,0.025412984
-0.089662266,-0.166060512,0.016499855
-0.102395307,-0.153327471,0.022229724
-0.108761827,-0.159693991,0.025412984
-0.121494868,-0.185160073,0.026049636
-0.14696095,-0.261558319,0.024776332
-0.159693991,-0.287024401,0.028596244
-0.178793553,-0.318857003,0.025412984
-0.191526594,-0.306123962,0.038782677
-0.191526594,-0.306123962,0.029869548
-0.204259634,-0.318857003,0.02095642
-0.204259634,-0.299757442,0.015226551
-0.210626155,-0.299757442,0.009496683
-0.229725716,-0.267924839,0.008860031
-0.242458757,-0.299757442,0.010133335
-0.248825278,-0.255191798,0.011406639
-0.248825278,-0.27429136,0.010769987
-0.267924839,-0.28065788,0.007586727
-0.242458757,-0.287024401,0.011406639
-0.255191798,-0.267924839,0.008860031
-0.236092237,-0.261558319,0.006313423
-0.27429136,-0.28065788,0.007586727
-0.242458757,-0.229725716,0.010769987
-0.255191798,-0.255191798,0.005676771
-0.261558319,-0.28065788,-0.001326402
-0.242458757,-0.28065788,-0.00068975
-0.255191798,-0.318857003,0.005676771
-0.236092237,-0.382522208,0.007586727
-0.248825278,-0.388888728,0.00249351
-0.27429136,-0.471653495,0.005040118
-0.261558319,-0.439820892,0.012043291
-0.236092237,-0.41435481,-0.00068975
-0.248825278,-0.401621769,-0.001963054
-0.255191798,-0.357056126,-0.003236358
-0.255191798,-0.27429136,0.001220206
-0.236092237,-0.216992675,0.005676771
-0.229725716,-0.076929225,0.009496683
-0.255191798,0.158632033,0.003766814
-0.242458757,0.464225016,-0.00068975
-0.223359196,0.591555425,0.005676771
-0.236092237,0.706152794,0.003130162
-0.229725716,0.750718437,0.005676771
-0.223359196,0.419659372,0.009496683
-0.216992675,-0.127861389,0.022229724
-0.210626155,-0.516219138,0.008860031
-0.216992675,-0.637183027,0.028596244
-0.229725716,-0.707214752,0.017773159
-0.223359196,-0.67538215,0.025412984
-0.204259634,-0.68174867,0.026686288
-0.178793553,-0.611716945,0.026049636
-0.191526594,-0.611716945,0.026686288
-0.191526594,-0.554418261,0.027959592
-0.172427032,-0.528952179,0.022229724
-0.191526594,-0.528952179,0.015863203
-0.178793553,-0.465286974,0.024776332
-0.204259634,-0.420721331,0.034962765
-0.185160073,-0.376155687,0.035599417
-0.210626155,-0.318857003,0.016499855
-0.191526594,-0.248825278,0.02413968
-0.204259634,-0.216992675,0.017136507
-0.210626155,-0.204259634,0.019683116
-0.178793553,-0.204259634,0.016499855
-0.204259634,-0.185160073,0.025412984
-0.14059443,-0.197893114,0.013953247
-0.166060512,-0.197893114,-0.001326402
-0.127861389,-0.204259634,0.003766814
-0.14696095,-0.185160073,0.010769987
-0.134227909,-0.14696095,0.005676771
-0.089662266,-0.127861389,-0.002599706
-0.089662266,-0.076929225,0.013953247
-0.070562704,-0.108761827,0.007586727
-0.070562704,-0.096028786,0.012043291
-0.096028786,-0.115128348,0.009496683
-0.108761827,-0.102395307,0.009496683
-0.127861389,-0.14059443,0.005676771
-0.121494868,-0.108761827,0.008860031
-0.108761827,-0.096028786,0.010133335
-0.134227909,-0.115128348,0.013953247
-0.102395307,-0.108761827,0.02095642
-0.102395307,-0.121494868,0.010133335
-0.096028786,-0.102395307,0.006313423
-0.108761827,-0.083295745,0.014589899
-0.108761827,-0.057829663,0.017136507
-0.115128348,-0.01326402,0.010769987
-0.121494868,-0.019630541,0.003766814
-0.153327471,-0.032363582,-0.001963054
-0.191526594,-0.051463143,-0.005782966
-0.216992675,-0.051463143,0.001856858
-0.210626155,-0.025997061,0.005040118
-0.197893114,0.012202062,-0.00387301
-0.216992675,-0.01326402,0.001220206
-0.204259634,0.031301623,-0.004509662
-0.216992675,-0.000530979,-0.003236358
-0.236092237,-0.01326402,-0.00705627
-0.236092237,0.018568582,-0.008966227
-0.236092237,0.024935103,-0.008966227
-0.248825278,0.037668144,0.004403466
-0.236092237,0.031301623,0.005676771
-0.216992675,0.050401185,-0.014059443
-0.210626155,0.088600307,-0.015969399
-0.236092237,0.107699869,-0.00387301
-0.242458757,0.12043291,0.001220206
-0.216992675,0.12043291,-0.010876183
-0.229725716,0.145898992,-0.007692922
-0.236092237,0.171365074,-0.00387301
-0.248825278,0.215930717,-0.018516007
-0.255191798,0.203197676,0.006950075
-0.248825278,0.203197676,0.001220206
-0.267924839,0.196831156,-5.31E-05
-0.236092237,0.215930717,0.012679943
-0.236092237,0.215930717,0.009496683
-0.229725716,0.26049636,0.012043291
-0.248825278,0.203197676,0.016499855
-0.229725716,0.203197676,0.015226551
-0.223359196,0.209564197,0.013953247
-0.223359196,0.152265512,0.015226551
-0.223359196,0.12679943,0.015863203
-0.229725716,0.145898992,0.012679943
-0.216992675,0.094966828,0.013316595
-0.216992675,0.037668144,0.012679943
-0.229725716,0.094966828,0.017136507
-0.242458757,0.063134226,0.016499855
-0.318857003,0.069500746,0.02095642
-0.376155687,0.024935103,0.006313423
-0.40798829,0.056767705,0.020319768
-0.420721331,0.024935103,0.016499855
-0.427087851,-0.01326402,0.015863203
-0.420721331,-0.064196184,0.013953247
-0.388888728,-0.076929225,0.012043291
-0.331590044,-0.108761827,0.009496683
-0.267924839,-0.096028786,0.02095642
-0.127861389,-0.102395307,0.015226551
0.012202062,-0.115128348,0.020319768
0.336894606,-0.172427032,0.015226551
0.687053232,-0.166060512,0.008860031
0.814383642,-0.197893114,0.015226551
0.858949285,-0.210626155,0.022866376
0.865315806,-0.178793553,0.019046464
0.648854109,-0.178793553,0.003766814
0.037668144,-0.210626155,0.008860031
-0.427087851,-0.185160073,0.004403466
-0.490753056,-0.159693991,0.013953247
-0.567151302,-0.197893114,0.001220206
-0.522585658,-0.197893114,0.004403466
-0.535318699,-0.191526594,0.001220206
-0.452553933,-0.191526594,0.005040118
-0.458920454,-0.210626155,-0.008329575
-0.382522208,-0.191526594,-5.31E-05
-0.382522208,-0.197893114,-0.005782966
-0.363422646,-0.191526594,0.006950075
-0.344323085,-0.172427032,0.008223379
-0.331590044,-0.166060512,0.001220206
-0.306123962,-0.178793553,0.000583554
-0.293390921,-0.197893114,-0.013422791
-0.261558319,-0.197893114,-0.006419618
-0.204259634,-0.236092237,-0.00705627
-0.204259634,-0.197893114,-0.012786139
-0.197893114,-0.178793553,-0.010239531
-0.185160073,-0.197893114,-0.001963054
-0.172427032,-0.153327471,-0.005146314
-0.178793553,-0.166060512,-5.31E-05
-0.159693991,-0.14696095,0.012679943
-0.14059443,-0.166060512,0.001856858
-0.153327471,-0.153327471,0.006313423
-0.166060512,-0.102395307,-0.007692922
-0.14696095,-0.108761827,-0.017242703
-0.153327471,-0.096028786,-0.007692922
-0.153327471,-0.070562704,-0.007692922
-0.121494868,-0.089662266,0.003130162
-0.14696095,-0.102395307,0.010769987
-0.134227909,-0.127861389,0.009496683
-0.134227909,-0.134227909,0.008223379
-0.127861389,-0.14696095,0.012043291
-0.134227909,-0.121494868,0.011406639
-0.102395307,-0.14696095,0.012043291
-0.121494868,-0.166060512,0.016499855
-0.102395307,-0.14059443,0.017136507
-0.108761827,-0.14059443,0.008860031
-0.083295745,-0.153327471,0.017136507
-0.083295745,-0.159693991,0.012679943
-0.102395307,-0.191526594,0.022866376
-0.121494868,-0.216992675,0.011406639
-0.127861389,-0.210626155,0.020319768
-0.121494868,-0.255191798,0.018409811
-0.096028786,-0.255191798,0.014589899
-0.089662266,-0.216992675,0.012043291
-0.076929225,-0.236092237,0.003130162
-0.076929225,-0.223359196,-0.004509662
-0.089662266,-0.229725716,-0.002599706
-0.070562704,-0.287024401,0.014589899
-0.064196184,-0.223359196,0.009496683
-0.083295745,-0.216992675,0.008860031
-0.089662266,-0.216992675,0.013953247
-0.070562704,-0.236092237,0.011406639
-0.070562704,-0.267924839,0.010133335
-0.070562704,-0.229725716,0.010133335
-0.089662266,-0.229725716,0.013953247
-0.051463143,-0.204259634,0.013953247
-0.051463143,-0.197893114,0.009496683
-0.051463143,-0.197893114,0.008860031
-0.057829663,-0.172427032,0.012679943
-0.051463143,-0.216992675,0.008860031
-0.064196184,-0.223359196,0.011406639
-0.051463143,-0.318857003,0.012043291
-0.064196184,-0.369789167,0.009496683
-0.051463143,-0.446187413,0.010769987
-0.057829663,-0.465286974,0.010133335
-0.057829663,-0.497119576,0.009496683
-0.045096623,-0.497119576,0.006313423
-0.051463143,-0.478020015,-0.002599706
-0.038730102,-0.350689605,0.00249351
-0.038730102,-0.261558319,-0.00068975
-0.038730102,-0.115128348,0.011406639
-0.045096623,0.12043291,-0.001963054
-0.025997061,0.489691098,-0.00068975
-0.019630541,0.667953671,0.001220206
-0.000530979,0.687053232,-0.001963054
-0.0068975,0.744351917,0.001856858
0.005835541,0.591555425,0.004403466
0.012202062,0.069500746,0.014589899
0.024935103,-0.382522208,0.015226551
0.024935103,-0.490753056,0.008860031
0.024935103,-0.579884343,0.014589899
0.056767705,-0.637183027,0.017773159
0.050401185,-0.611716945,0.012679943
0.069500746,-0.611716945,0.001856858
0.063134226,-0.535318699,0.005676771
0.082233787,-0.528952179,0.012679943
0.088600307,-0.465286974,0.008860031
0.101333348,-0.427087851,0.016499855
0.094966828,-0.382522208,0.012043291
0.094966828,-0.312490483,0.014589899
0.101333348,-0.27429136,0.015863203
0.082233787,-0.236092237,0.017136507
0.082233787,-0.223359196,0.019683116
0.075867267,-0.204259634,0.022866376
0.094966828,-0.236092237,0.029869548
0.082233787,-0.178793553,0.022866376
0.075867267,-0.172427032,0.022229724
0.075867267,-0.159693991,0.017773159
0.075867267,-0.153327471,0.013316595
0.075867267,-0.14696095,0.013316595
0.050401185,-0.172427032,0.02413968
0.075867267,-0.121494868,0.019683116
0.050401185,-0.127861389,0.012679943
0.037668144,-0.102395307,0.010133335
0.050401185,-0.121494868,0.008860031
0.018568582,-0.115128348,0.001856858
0.024935103,-0.115128348,0.006950075
0.018568582,-0.102395307,-0.001963054
-0.0068975,-0.14696095,0.005040118
-0.032363582,-0.134227909,-0.00068975
-0.038730102,-0.127861389,-0.004509662
-0.057829663,-0.134227909,0.001220206
-0.083295745,-0.115128348,-0.005146314
-0.089662266,-0.102395307,-0.001326402
-0.115128348,-0.076929225,-0.008329575
-0.115128348,-0.070562704,0.006313423
-0.134227909,-0.051463143,-0.00068975
-0.14059443,-0.025997061,-0.004509662
-0.166060512,-0.032363582,-0.004509662
-0.185160073,-0.032363582,-0.00068975
-0.204259634,-0.019630541,-0.001326402
-0.210626155,-0.019630541,-0.003236358
-0.216992675,-0.025997061,-0.007692922
-0.216992675,-0.019630541,0.012043291
-0.229725716,-0.025997061,0.003766814
-0.242458757,-0.032363582,0.006313423
-0.229725716,-0.000530979,0.009496683
-0.248825278,0.005835541,0.010133335
-0.248825278,-0.000530979,0.012679943
-0.216992675,0.012202062,0.025412984
-0.248825278,0.024935103,0.015226551
-0.236092237,-0.000530979,0.013953247
-0.248825278,0.056767705,0.017773159
-0.216992675,0.075867267,0.015226551
-0.229725716,0.069500746,0.006313423
-0.255191798,0.088600307,0.017773159
-0.242458757,0.075867267,0.021593072
-0.261558319,0.101333348,0.008860031
-0.255191798,0.133165951,0.008860031
-0.248825278,0.158632033,0.009496683
-0.255191798,0.158632033,0.012679943
-0.248825278,0.158632033,-0.002599706
-0.255191798,0.158632033,0.009496683
-0.248825278,0.222297238,0.016499855
-0.248825278,0.177731594,-0.003236358
-0.248825278,0.215930717,0.003766814
-0.229725716,0.215930717,0.012679943
-0.216992675,0.215930717,0.009496683
-0.236092237,0.171365074,0.015863203
-0.223359196,0.145898992,0.019683116
-0.229725716,0.139532471,0.02095642
-0.223359196,0.12679943,0.012679943
-0.216992675,0.088600307,0.005676771
-0.223359196,0.075867267,0.001856858
-0.204259634,0.075867267,-0.00705627
-0.204259634,0.044034664,0.010769987
-0.204259634,0.031301623,0.015226551
-0.197893114,0.018568582,0.014589899
-0.197893114,0.012202062,0.019046464
-0.210626155,-0.01326402,0.023503028
-0.204259634,-0.064196184,0.017136507
-0.191526594,-0.070562704,0.010133335
-0.197893114,-0.089662266,0.00249351
-0.185160073,-0.108761827,0.010133335
-0.191526594,-0.121494868,0.001220206
-0.159693991,-0.121494868,0.014589899
-0.172427032,-0.172427032,0.008223379
-0.166060512,-0.197893114,-5.31E-05
-0.166060512,-0.185160073,-5.31E-05
-0.159693991,-0.191526594,0.006313423
-0.153327471,-0.204259634,0.006950075
-0.14696095,-0.229725716,0.007586727
-0.134227909,-0.223359196,0.006950075
-0.127861389,-0.216992675,-0.005146314
-0.121494868,-0.178793553,-0.003236358
-0.102395307,-0.204259634,-0.004509662
-0.089662266,-0.185160073,0.008860031
-0.083295745,-0.172427032,-0.005782966
-0.083295745,-0.204259634,0.006950075
-0.070562704,-0.172427032,0.001856858
-0.089662266,-0.178793553,0.009496683
-0.096028786,-0.159693991,-0.002599706
-0.102395307,-0.153327471,0.000583554
-0.076929225,-0.14696095,-0.002599706
-0.076929225,-0.159693991,0.006313423
-0.083295745,-0.172427032,0.010769987
-0.076929225,-0.197893114,0.005040118
-0.089662266,-0.204259634,0.000583554
-0.096028786,-0.204259634,0.001856858
-0.121494868,-0.197893114,0.005676771
-0.102395307,-0.197893114,0.013316595
-0.096028786,-0.178793553,0.006313423
-0.115128348,-0.197893114,0.008860031
-0.127861389,-0.178793553,0.013953247
-0.153327471,-0.153327471,0.012043291
-0.166060512,-0.115128348,0.00249351
-0.166060512,-0.108761827,0.001220206
-0.185160073,-0.096028786,-0.001963054
-0.178793553,-0.083295745,-0.007692922
-0.191526594,-0.102395307,0.004403466
-0.178793553,-0.096028786,0.001856858
-0.178793553,-0.076929225,0.005676771
-0.197893114,-0.045096623,0.005676771
-0.197893114,-0.064196184,0.014589899
-0.191526594,-0.096028786,-0.001963054
-0.197893114,-0.115128348,0.008860031
-0.204259634,-0.102395307,-0.001963054
-0.216992675,-0.115128348,0.005040118
-0.197893114,-0.127861389,-0.002599706
-0.210626155,-0.127861389,0.00249351
-0.204259634,-0.102395307,0.001220206
-0.204259634,-0.159693991,-5.31E-05
-0.204259634,-0.153327471,-0.002599706
-0.216992675,-0.166060512,-5.31E-05
-0.178793553,-0.172427032,-0.006419618
-0.178793553,-0.204259634,-0.006419618
-0.172427032,-0.223359196,-0.001963054
-0.178793553,-0.197893114,0.005040118
-0.185160073,-0.216992675,0.005676771
-0.185160073,-0.248825278,0.004403466
-0.191526594,-0.236092237,0.007586727
-0.210626155,-0.204259634,-5.31E-05
-0.204259634,-0.255191798,0.00249351
-0.204259634,-0.242458757,-0.002599706
-0.159693991,-0.261558319,0.010133335
-0.178793553,-0.248825278,0.006313423
-0.178793553,-0.229725716,0.008860031
-0.191526594,-0.248825278,0.003130162
-0.204259634,-0.248825278,0.003130162
-0.229725716,-0.242458757,-0.001963054
-0.261558319,-0.216992675,0.010133335
-0.299757442,-0.216992675,0.008223379
-0.363422646,-0.210626155,0.014589899
-0.40798829,-0.236092237,0.022229724
-0.427087851,-0.191526594,0.017136507
-0.382522208,-0.204259634,0.005040118
-0.369789167,-0.255191798,0.010133335
-0.331590044,-0.312490483,0.016499855
-0.261558319,-0.382522208,0.012043291
-0.14059443,-0.458920454,0.012043291
0.012202062,-0.522585658,0.013316595
0.190464635,-0.528952179,0.016499855
0.470591536,-0.54168522,0.015226551
0.846216244,-0.478020015,0.022866376
0.903514929,-0.401621769,0.017773159
0.941714051,-0.306123962,0.017136507
0.884415367,-0.166060512,0.02095642
0.457858495,0.114066389,0.020319768
-0.070562704,0.464225016,0.019683116
-0.41435481,0.642487589,0.02095642
-0.478020015,0.674320191,0.022866376
-0.497119576,0.757084958,0.031142852
-0.484386535,0.66158715,0.015226551
-0.471653495,0.177731594,0.017773159
-0.458920454,-0.267924839,0.015226551
-0.433454372,-0.395255249,0.013316595
-0.40798829,-0.490753056,0.020319768
-0.388888728,-0.560784781,0.016499855
-0.376155687,-0.579884343,0.027959592
-0.344323085,-0.528952179,0.019683116
-0.337956564,-0.516219138,0.029869548
-0.299757442,-0.446187413,0.020319768
-0.229725716,-0.40798829,0.013953247
-0.216992675,-0.369789167,0.020319768
-0.229725716,-0.344323085,0.022229724
-0.210626155,-0.236092237,0.016499855
-0.210626155,-0.210626155,0.015863203
-0.191526594,-0.236092237,0.023503028
-0.172427032,-0.242458757,0.02413968
-0.178793553,-0.242458757,0.008860031
-0.191526594,-0.210626155,0.02732294
-0.216992675,-0.178793553,0.013953247
-0.197893114,-0.153327471,0.018409811
-0.191526594,-0.178793553,0.013316595
-0.185160073,-0.191526594,0.019683116
-0.185160073,-0.197893114,0.02095642
-0.178793553,-0.197893114,0.024776332
-0.191526594,-0.172427032,0.017136507
-0.185160073,-0.166060512,0.016499855
-0.172427032,-0.127861389,0.0305062
-0.185160073,-0.108761827,0.011406639
-0.153327471,-0.083295745,0.02095642
-0.166060512,-0.070562704,0.018409811
-0.14696095,-0.076929225,0.022866376
-0.166060512,-0.102395307,0.017773159
-0.14059443,-0.14696095,0.023503028
-0.166060512,-0.172427032,0.024776332
-0.166060512,-0.204259634,0.02095642
-0.121494868,-0.159693991,0.023503028
-0.127861389,-0.14696095,0.022229724
-0.127861389,-0.083295745,0.012043291
-0.115128348,-0.051463143,0.012679943
-0.115128348,-0.019630541,0.02095642
-0.108761827,-0.025997061,0.02732294
-0.127861389,-0.057829663,0.015863203
-0.153327471,-0.076929225,0.013316595
-0.14059443,-0.057829663,0.018409811
-0.102395307,-0.076929225,0.020319768
-0.102395307,-0.108761827,0.022866376
-0.089662266,-0.089662266,0.0305062
-0.108761827,-0.083295745,0.02732294
-0.096028786,-0.038730102,0.026049636
-0.076929225,-0.057829663,0.0305062
-0.108761827,-0.032363582,0.025412984
-0.102395307,-0.0068975,0.022866376
-0.108761827,0.005835541,0.015226551
-0.115128348,0.044034664,0.031142852
-0.076929225,0.063134226,0.026049636
-0.076929225,0.063134226,0.026686288
-0.064196184,0.088600307,0.022866376
-0.057829663,0.114066389,0.012043291
-0.102395307,0.133165951,0.016499855
-0.108761827,0.139532471,0.015226551
-0.096028786,0.088600307,0.018409811
-0.057829663,0.101333348,0.022866376
-0.070562704,0.107699869,0.019683116
-0.051463143,0.133165951,0.015863203
-0.064196184,0.145898992,0.025412984
-0.064196184,0.152265512,0.024776332
-0.038730102,0.145898992,0.015226551
-0.025997061,0.152265512,0.019046464
-0.038730102,0.133165951,0.019046464
-0.032363582,0.082233787,0.008860031
-0.051463143,0.069500746,0.009496683
-0.076929225,0.101333348,0.020319768
-0.045096623,0.075867267,0.017136507
-0.000530979,0.075867267,0.015226551
-0.019630541,0.075867267,0.035599417
0.012202062,0.056767705,0.021593072
0.018568582,0.056767705,0.025412984
0.018568582,0.050401185,0.017136507
0.012202062,0.005835541,0.011406639
0.037668144,-0.000530979,0.013953247
0.044034664,-0.000530979,0.014589899
0.050401185,-0.000530979,0.022866376
0.037668144,-0.038730102,0.022866376
0.063134226,-0.064196184,0.008860031
0.037668144,-0.108761827,0.019046464
0.037668144,-0.14696095,0.010769987
0.063134226,-0.197893114,0.007586727
0.088600307,-0.197893114,0.014589899
0.075867267,-0.185160073,0.022866376
0.075867267,-0.185160073,0.020319768
0.088600307,-0.204259634,0.016499855
0.114066389,-0.204259634,0.019683116
0.069500746,-0.204259634,0.02095642
0.024935103,-0.204259634,0.015863203
0.031301623,-0.229725716,0.028596244
0.037668144,-0.216992675,0.026049636
0.050401185,-0.216992675,0.031779504
0.044034664,-0.229725716,0.031142852
0.037668144,-0.255191798,0.029232896
0.069500746,-0.229725716,0.015226551
0.037668144,-0.223359196,0.02095642
-0.000530979,-0.229725716,0.019683116
0.005835541,-0.223359196,0.012679943
0.018568582,-0.204259634,0.020319768
-0.019630541,-0.204259634,0.012679943
-0.01326402,-0.191526594,0.022866376
-0.025997061,-0.197893114,0.022229724
-0.038730102,-0.197893114,0.020319768
-0.070562704,-0.172427032,0.026686288
-0.096028786,-0.236092237,0.02095642
-0.102395307,-0.248825278,0.011406639
-0.166060512,-0.261558319,0.015226551
-0.153327471,-0.261558319,0.023503028
-0.153327471,-0.267924839,0.020319768
-0.166060512,-0.248825278,0.027959592
-0.14696095,-0.28065788,0.022866376
-0.197893114,-0.248825278,0.031142852
-0.223359196,-0.210626155,0.031779504
-0.216992675,-0.178793553,0.02413968
-0.229725716,-0.185160073,0.017773159
-0.248825278,-0.178793553,0.026686288
-0.216992675,-0.14696095,0.025412984
-0.261558319,-0.14059443,0.017773159
-0.293390921,-0.14059443,0.011406639
-0.306123962,-0.096028786,0.017136507
-0.27429136,-0.089662266,0.026686288
-0.248825278,-0.108761827,0.014589899
-0.255191798,-0.115128348,0.02095642
-0.28065788,-0.14059443,0.020319768
-0.229725716,-0.153327471,0.015226551
-0.242458757,-0.134227909,0.020319768
-0.223359196,-0.14696095,0.017136507
-0.28065788,-0.153327471,0.017773159
-0.287024401,-0.153327471,0.028596244
-0.306123962,-0.191526594,0.02732294
-0.287024401,-0.191526594,0.017136507
-0.223359196,-0.210626155,0.017136507
-0.255191798,-0.223359196,0.017136507
-0.267924839,-0.236092237,0.012679943
-0.255191798,-0.236092237,0.02095642
-0.28065788,-0.242458757,0.024776332
-0.28065788,-0.242458757,0.02413968
-0.242458757,-0.229725716,0.022229724
-0.255191798,-0.236092237,0.014589899
-0.204259634,-0.255191798,0.016499855
-0.229725716,-0.236092237,0.014589899
-0.248825278,-0.229725716,0.011406639
-0.229725716,-0.223359196,0.013953247
-0.229725716,-0.255191798,0.010133335
-0.248825278,-0.248825278,0.005676771
-0.236092237,-0.261558319,0.015226551
-0.216992675,-0.236092237,0.017773159
-0.248825278,-0.229725716,0.010769987
-0.223359196,-0.236092237,0.02413968
-0.287024401,-0.242458757,0.022866376
-0.248825278,-0.27429136,0.023503028
-0.210626155,-0.255191798,0.012679943
-0.261558319,-0.236092237,0.015863203
-0.191526594,-0.236092237,0.02413968
-0.166060512,-0.248825278,0.012679943
-0.153327471,-0.293390921,0.02095642
-0.223359196,-0.350689605,0.012679943
-0.153327471,-0.40798829,0.014589899
-0.178793553,-0.458920454,0.018409811
-0.197893114,-0.516219138,0.009496683
-0.185160073,-0.516219138,0.010769987
-0.216992675,-0.535318699,-5.31E-05
-0.210626155,-0.497119576,0.012679943
-0.185160073,-0.401621769,0.013953247
-0.108761827,-0.299757442,0.003766814
-0.102395307,-0.166060512,-5.31E-05
-0.089662266,0.063134226,0.015226551
-0.064196184,0.432392413,0.013316595
-0.134227909,0.553356302,0.009496683
-0.089662266,0.597921946,0.007586727
-0.102395307,0.667953671,0.013953247
-0.083295745,0.515157179,0.009496683
-0.115128348,-0.025997061,0.014589899
-0.108761827,-0.446187413,0.006313423
-0.108761827,-0.554418261,0.001856858
-0.096028786,-0.624449986,0.003766814
-0.159693991,-0.586250863,0.008223379
-0.204259634,-0.611716945,-0.005146314
-0.172427032,-0.54168522,-0.005146314
-0.159693991,-0.522585658,-0.008329575
-0.204259634,-0.478020015,-0.001326402
-0.153327471,-0.471653495,0.001856858
-0.159693991,-0.433454372,0.004403466
-0.159693991,-0.40798829,0.015226551
-0.178793553,-0.350689605,0.022866376
-0.14696095,-0.261558319,0.02095642
-0.127861389,-0.223359196,0.02095642
-0.14696095,-0.210626155,0.012679943
-0.185160073,-0.159693991,0.015863203
-0.204259634,-0.134227909,0.011406639
-0.223359196,-0.153327471,0.015226551
-0.216992675,-0.14059443,0.010133335
-0.261558319,-0.127861389,0.012679943
-0.236092237,-0.121494868,0.017136507
-0.287024401,-0.108761827,0.015226551
-0.293390921,-0.102395307,0.013316595
-0.350689605,-0.102395307,0.014589899
-0.248825278,-0.108761827,0.009496683
-0.27429136,-0.102395307,0.001856858
-0.248825278,-0.102395307,0.001220206
-0.248825278,-0.089662266,-0.001326402
-0.255191798,-0.089662266,0.00249351
-0.261558319,-0.102395307,-0.003236358
-0.267924839,-0.076929225,0.003766814
-0.204259634,-0.102395307,0.008860031
-0.267924839,-0.064196184,-0.001963054
-0.267924839,-0.076929225,0.006950075
-0.331590044,-0.076929225,0.006950075
-0.369789167,-0.089662266,0.007586727
-0.337956564,-0.045096623,0.003766814
-0.299757442,-0.051463143,0.007586727
-0.261558319,-0.064196184,0.009496683
-0.312490483,-0.057829663,0.00249351
-0.27429136,-0.051463143,0.015863203
-0.299757442,-0.038730102,0.001220206
-0.299757442,-0.051463143,0.014589899
-0.178793553,-0.032363582,0.015226551
-0.331590044,-0.019630541,0.010133335
-0.382522208,-0.025997061,0.005040118
-0.369789167,-0.025997061,-0.007692922
-0.344323085,-0.025997061,0.008223379
-0.357056126,0.012202062,0.001220206
-0.446187413,-0.0068975,0.003130162
-0.54805174,-0.019630541,-5.31E-05
-0.579884343,0.018568582,-0.001963054
-0.554418261,0.005835541,-0.002599706
-0.598983904,0.012202062,-0.001326402
-0.516219138,0.044034664,0.001220206
-0.497119576,0.024935103,0.005040118
-0.376155687,0.050401185,0.007586727
-0.28065788,0.056767705,0.019683116
-0.127861389,0.101333348,0.008860031
-0.01326402,0.094966828,0.012043291
0.336894606,0.133165951,0.011406639
0.591555425,0.152265512,-0.008329575
0.782551039,0.190464635,0.008860031
0.782551039,0.190464635,0.016499855
0.737985396,0.190464635,0.013316595
0.413292852,0.215930717,0.014589899
-0.14696095,0.196831156,0.02413968
-0.478020015,0.171365074,0.031142852
-0.611716945,0.184098115,0.016499855
-0.770879957,0.177731594,0.026686288
-0.802712559,0.171365074,0.027959592
-0.866377764,0.152265512,0.019046464
-0.847278203,0.184098115,0.022229724
-0.828178641,0.139532471,0.012043291
-0.789979518,0.107699869,0.006950075
-0.745413875,0.107699869,0.012679943
-0.739047355,0.12679943,0.010133335
-0.713581273,0.094966828,0.003766814
-0.688115191,0.075867267,0.003766814
-0.649916068,0.088600307,0.001856858
-0.624449986,0.044034664,-0.001963054
-0.560784781,-0.000530979,0.00249351
-0.516219138,-0.045096623,-0.00387301
-0.516219138,-0.045096623,0.010769987
-0.503486097,-0.102395307,0.007586727
-0.484386535,-0.096028786,0.009496683
-0.484386535,-0.14059443,0.004403466
-0.484386535,-0.115128348,0.012679943
-0.503486097,-0.153327471,0.004403466
-0.535318699,-0.172427032,0.004403466
-0.484386535,-0.166060512,0.000583554
-0.458920454,-0.178793553,0.006313423
-0.554418261,-0.197893114,0.017136507
-0.554418261,-0.185160073,-0.002599706
-0.535318699,-0.210626155,-0.006419618
-0.522585658,-0.204259634,-0.005782966
-0.465286974,-0.216992675,-0.004509662
-0.586250863,-0.185160073,0.00249351
-0.509852617,-0.204259634,0.012679943
-0.503486097,-0.185160073,-0.010239531
